horizon,model,n,rmse,mae,corr,qlike
20,har,4003,0.033545403308064624,0.02335993950795584,0.43766142327782165,-4.011710760236042
20,rw_vol,4003,0.03946638555247627,0.025164744345176373,0.4320501955642168,-3.9025493333727375
20,roll20,4003,0.03946638555247627,0.025164744345176373,0.4320501955642168,-3.9025493333727375
40,har,3983,0.04276454313005852,0.03197686100497657,0.4405157545195117,-3.298796813080979
40,rw_vol,3983,0.04942487206561971,0.034155274669219186,0.45325258598411877,-3.226939073163334
40,roll20,3983,0.051783290331303855,0.034129301444439195,0.4657935324159312,-3.179871893915162
90,har,3933,0.06070638007975305,0.04756035651569111,0.2607203160039581,-2.417198878108265
90,rw_vol,3933,0.07813524748987526,0.059909863593707625,0.1817571625266111,-2.213334330223181
90,roll20,3933,0.08187303574690113,0.056046852759784424,0.34865005988616926,-2.171687237275414
