series,group,n,mean_logret,mean_abs_logret,std_logret,p95_abs,mean_abs_gap_pct,p95_abs_gap_pct
ema_front_raw,roll_days,69,0.004342976408275721,0.04855126110418344,0.07594951107444702,0.15366891683442685,,
ema_front_raw,normal_days,3307,4.318366032120755e-05,0.007386935853417423,0.01038982863202284,0.020974004113036668,,
ema_front_adjusted,roll_days,69,-0.007376307139345326,0.032396035257421754,0.09965973238596648,0.13378020133835386,,
ema_front_adjusted,normal_days,3307,0.0003000068055955636,0.012954118024863043,0.021883184852554194,0.04246155918013893,,
cbot_corn_vendor,presumed_roll_window,1240,-0.000573723375834111,0.012477671812486836,0.016872913566233803,0.0343098651675667,0.0023208523660644643,0.00979215225810966
cbot_corn_vendor,outside,4951,0.00029357173694738773,0.012892081455546971,0.01838669505618357,0.03685278542778336,0.003610325937274062,0.01429502662628785
