month,normal_year,stress_year
4,-0.08324153787742872,0.23672837223859133
5,-0.08636619213094936,0.20410406747147813
6,-0.06949764413209908,0.2162990119792655
7,-0.02377896763014731,-0.04815352111745821
8,0.056816645636591445,-0.13408911399840837
9,0.07446022069905095,-0.04981448303296049
