regime,n,da,mean_pnl
all,3933,0.6694635138571066,0.06979662069811507
low_vol(<p90),3528,0.6992630385487528,0.07993782060390914
high_vol(>=p90),405,0.40987654320987654,-0.018544498481246674
